dataset,size_k,batches,cache,current_hybrid,original_hybrid,ordered,reverse_shards,current_median_ms,original_median_ms,current_ms_per_batch,original_ms_per_batch,diagnostic_time_ratio,validated_speedup,comparison_status,current_min_ms,current_max_ms,current_range_over_median_pct,current_unique_checksums,current_wall_median_seconds,current_sampled_gpu_peak_mib,current_max_rss_gib,original_min_ms,original_max_ms,original_range_over_median_pct,original_unique_checksums,original_wall_median_seconds,original_sampled_gpu_peak_mib,original_max_rss_gib
ok,1,10,2,0,1,0,1,37.222,1022.456,3.7222,102.2456,27.469131158991992,,checksum_mismatch,36.625,47.97,30.479286443501156,1,33.41584184020758,4884,3.3926544189453125,978.012,1027.9569999999999,4.884806778971411,1,31.341405412182212,4908,2.669322967529297
ok,10,10,2,0,1,0,1,129.251,1665.469,12.9251,166.5469,12.885540537403966,,checksum_mismatch,125.681,151.651,20.092687870886888,1,33.40427307179198,4872,3.4036407470703125,1656.1860000000001,1669.2640000000001,0.785244276537118,1,33.39280821569264,4910,2.6709327697753906
ok,100,10,2,0,1,0,1,1340.151,2593.147,134.01510000000002,259.3147,1.9349662836501258,,checksum_mismatch,1326.9759999999999,1346.644,1.4675958156954043,1,35.491578307934105,4888,3.4903106689453125,2561.269,2608.085,1.8053739336798207,1,33.41303273010999,4908,2.691905975341797
fs,1,10,2,0,2,0,1,1350.352,8670.253,135.0352,867.0253,6.420735482303874,,checksum_mismatch,1337.39,1372.7069999999999,2.6153921347915046,1,408.6720277960412,14332,53.94546127319336,8410.773000000001,8704.604,3.388955316528806,1,364.8639093651436,14542,41.55181884765625
fs,10,10,2,0,2,0,1,1545.917,9025.645,154.5917,902.5645000000001,5.838376187078608,,checksum_mismatch,1511.534,1569.071,3.72186863848446,1,406.45373674388975,14332,53.9579963684082,8416.044,9030.669,6.809762626382934,2,358.5519281658344,14542,41.55299377441406
fs,100,10,2,0,2,0,1,3805.951,10651.67,380.5951,1065.167,2.7986881596741524,,checksum_mismatch,3576.228,3871.212,7.750598996151026,1,417.0975725846365,14340,54.089454650878906,10109.143,10976.092,8.139089926743887,2,366.9555096407421,14542,41.574432373046875
fs,1000,10,2,0,2,0,64,13269.546,15587.008,1326.9546,1558.7008,1.1746451611833593,,checksum_mismatch,13169.272,16081.573,21.947254261750928,1,419.09813841292635,14374,54.993961334228516,15513.901,15738.823,1.4430094601863326,3,369.1006519533694,14540,41.77490997314453
tw,1,10,2,0,2,0,1,283.421,3378.246,28.3421,337.82460000000003,11.919533132689534,,checksum_mismatch,282.935,283.65999999999997,0.2558032044202673,1,108.40773619804531,9686,15.484825134277344,3367.5209999999997,3378.714,0.3313257826694744,1,87.5470658307895,9496,11.312862396240234
tw,10,10,2,0,2,0,1,405.439,3848.226,40.5439,384.8226,9.491504270679437,,checksum_mismatch,403.252,429.492,6.471997020513569,1,106.31408972619101,9552,15.495025634765625,3847.234,3850.944,0.09640805919402957,1,89.67734694760293,9496,11.314933776855469
tw,100,10,2,0,2,0,1,2812.668,5056.9259999999995,281.2668,505.69259999999997,1.7979107381319086,,checksum_mismatch,2656.474,3329.0,23.910607295279775,1,106.29484374588355,9698,15.621757507324219,5028.773,5074.11,0.8965327948243565,1,89.64062493806705,9496,11.335132598876953
eu,10,10,2,0,1,1,1,38731.065,639135.248,3873.1065000000003,63913.5248,16.501876413674655,,checksum_mismatch,38525.992,42762.332,10.937835042749285,1,210.49465290503576,13086,12.077106475830078,637427.272,673705.498,5.676142274037126,2,848.0037379353307,11562,7.558269500732422
eu,100,10,2,0,1,1,1,171874.14800000002,841973.163,17187.414800000002,84197.31629999999,4.898777232047718,,checksum_mismatch,171814.28399999999,173037.422,0.7116474549738604,1,346.05402437597513,13298,12.368392944335938,840442.771,841983.003,0.18293124623024076,1,1052.2947544567287,11562,7.5784149169921875
eu,1000,10,2,0,1,1,64,1189302.087,783059.636,118930.2087,78305.9636,0.6584194584029179,,checksum_mismatch,1184453.39,1199606.509,1.2741185915366329,1,1365.0058455462568,13326,12.869380950927734,782853.148,807916.933,3.2007504725987324,3,994.0244724550284,11562,7.77923583984375
usa,10,10,2,2,1,1,1,15355.829,359607.554,1535.5828999999999,35960.7554,23.418309359917984,,checksum_mismatch,15351.084,15677.51,2.1257465161926423,1,79.25377005431801,8568,5.8977508544921875,358923.575,361469.948,0.7080977503603729,1,448.04519781982526,7762,3.7238922119140625
usa,100,10,2,2,1,1,1,79980.595,471977.961,7998.0595,47197.7961,5.901155911630815,,checksum_mismatch,79335.059,80198.23,1.0792255296425366,1,143.87924078013748,8836,6.1438446044921875,471680.295,491182.873,4.132095057718179,3,560.5823013018817,7762,3.744037628173828
usa,1000,10,2,2,1,1,64,411025.427,450082.352,41102.542700000005,45008.2352,1.095023135880107,,checksum_mismatch,410042.065,413352.309,0.8053623407585453,1,477.4217896531336,8876,6.668758392333984,449364.568,450739.025,0.30537900317406685,3,541.7641802732833,7762,3.9454498291015625
fs_scaling,100,2,2,0,1,0,1,648.267,2067.727,324.1335,1033.8635,3.189622485796747,,checksum_mismatch,601.222,649.585,7.4603519845989466,1,402.20595499593765,14336,54.00471496582031,1875.1689999999999,2239.935,17.640916813486506,1,350.05479734484106,14524,41.555931091308594
fs_scaling,1000,2,2,0,1,0,64,2676.864,3032.84,1338.432,1516.42,1.1329824750155406,,checksum_mismatch,2562.138,2734.706,6.446648017979255,1,408.43387144012377,14372,54.29636001586914,3001.4210000000003,3240.9390000000003,7.897482227878821,3,350.1224026950076,14526,41.595916748046875
fs_scaling,10000,2,2,0,1,0,64,18920.153,11467.739000000001,9460.0765,5733.869500000001,0.6061123818607599,,checksum_mismatch,18859.244,19818.704,5.071100640676653,1,427.2376613970846,14710,57.84147644042969,10586.766,11832.413,10.862184777661932,3,371.55070475814864,14526,41.99802017211914
tw_scaling,100,2,2,0,1,0,1,610.39,1271.391,305.195,635.6955,2.0829158406920167,,checksum_mismatch,566.477,615.466,8.025852323924054,1,112.6487192180939,12338,18.546836853027344,1264.903,1279.806,1.172180706014123,1,98.04527992941439,11938,13.166820526123047
tw_scaling,1000,2,2,0,1,0,64,5080.397,2241.7110000000002,2540.1985,1120.8555000000001,0.4412472096176736,,checksum_mismatch,4898.523,5122.393,4.406545393991846,1,118.93531458918005,12370,18.807762145996094,2061.572,2257.6549999999997,8.747024036550636,1,100.12280812626705,11938,13.207103729248047
tw_scaling,10000,2,2,0,1,0,64,23990.684,10715.85,11995.342,5357.925,0.44666713129146296,,checksum_mismatch,19169.021,24239.869,21.136737910432224,1,143.90375968487933,12672,21.67121124267578,9205.769,10804.256000000001,14.917034113019508,2,112.61130216298625,11938,13.609928131103516
