dataset,size_k,representative_repeat,total_ms,deletion,add,hotness,candidate,eviction,compact,cache_load,residual,cache_combined_ms,deletion_pct,add_pct,cache_pct,log
ok,1,1,37.222,11.914,9.52,12.833,2.9219999999999997,0.0,0.0,0.0,0.033,15.754999999999999,32.007952286282304,25.57627209714685,42.32711837085594,/home/wangshaoyan/proJect/C-GpuStreamGraph-CG/logs/performance_matrix_20260912/runs/performance.ok.1k.current.c2.h0.w20.r1.attempt0.log
ok,10,1,129.251,62.295,51.181,12.821,2.9259999999999997,0.0,0.0,0.0,0.028,15.747,48.196919172772354,39.59814624258226,12.183271309312888,/home/wangshaoyan/proJect/C-GpuStreamGraph-CG/logs/performance_matrix_20260912/runs/performance.ok.10k.current.c2.h0.w20.r1.attempt0.log
ok,100,2,1340.151,683.543,640.705,12.903,2.9669999999999996,0.0,0.0,0.0,0.033,15.870000000000001,51.0049240719889,47.80841860357527,1.1841949153490912,/home/wangshaoyan/proJect/C-GpuStreamGraph-CG/logs/performance_matrix_20260912/runs/performance.ok.100k.current.c2.h0.w20.r2.attempt0.log
fs,1,2,1350.352,23.042,14.435,294.983,122.626,88.005,604.183,202.84199999999998,0.236,1312.639,1.7063698946645023,1.068980532483382,97.20717264831687,/home/wangshaoyan/proJect/C-GpuStreamGraph-CG/logs/performance_matrix_20260912/runs/performance.fs.1k.current.c2.h0.w20.r2.attempt0.log
fs,10,0,1545.917,141.366,81.19200000000001,297.524,136.93,81.0,595.965,211.775,0.165,1323.194,9.14447541491555,5.252028407734698,85.59282290058263,/home/wangshaoyan/proJect/C-GpuStreamGraph-CG/logs/performance_matrix_20260912/runs/performance.fs.10k.current.c2.h0.w20.r0.attempt0.log
fs,100,2,3805.951,1305.532,948.108,296.15,163.613,81.589,631.374,379.527,0.058,1552.253,34.302385921416224,24.91119827869565,40.78489187065204,/home/wangshaoyan/proJect/C-GpuStreamGraph-CG/logs/performance_matrix_20260912/runs/performance.fs.100k.current.c2.h0.w20.r2.attempt0.log
fs,1000,0,13269.546,6607.882,5051.563,301.131,88.495,84.99000000000001,596.865,538.564,0.056,1610.045,49.79734800271237,38.06884576156562,12.1333842167622,/home/wangshaoyan/proJect/C-GpuStreamGraph-CG/logs/performance_matrix_20260912/runs/performance.fs.1000k.current.c2.h0.w20.r0.attempt0.log
tw,1,0,283.421,89.756,13.878,151.79,27.961,0.0,0.0,0.0,0.036000000000000004,179.75099999999998,31.668789539236684,4.896602580613292,63.42190592793053,/home/wangshaoyan/proJect/C-GpuStreamGraph-CG/logs/performance_matrix_20260912/runs/performance.tw.1k.current.c2.h0.w20.r0.attempt0.log
tw,10,0,405.439,165.2,60.048,152.28,27.877,0.0,0.0,0.0,0.034,180.157,40.74595685170889,14.810612693894766,44.43504448264721,/home/wangshaoyan/proJect/C-GpuStreamGraph-CG/logs/performance_matrix_20260912/runs/performance.tw.10k.current.c2.h0.w20.r0.attempt0.log
tw,100,0,2812.668,1940.813,691.186,152.654,27.973,0.0,0.0,0.0,0.042,180.627,69.00256269136635,24.57403433323805,6.42190973125872,/home/wangshaoyan/proJect/C-GpuStreamGraph-CG/logs/performance_matrix_20260912/runs/performance.tw.100k.current.c2.h0.w20.r0.attempt0.log
eu,10,0,38731.065,31769.224000000002,6709.407,211.936,40.256,0.0,0.0,0.0,0.242,252.192,82.02517539861091,17.323063540855383,0.6511362390887004,/home/wangshaoyan/proJect/C-GpuStreamGraph-CG/logs/performance_matrix_20260912/runs/performance.eu.10k.current.c2.h0.w20.r0.attempt0.log
eu,100,0,171874.14800000002,104541.885,67079.286,212.352,40.260999999999996,0.0,0.0,0.0,0.364,252.613,60.824670967968956,39.02814168422815,0.14697556493487315,/home/wangshaoyan/proJect/C-GpuStreamGraph-CG/logs/performance_matrix_20260912/runs/performance.eu.100k.current.c2.h0.w20.r0.attempt0.log
eu,1000,1,1189302.087,175806.522,1013242.967,211.901,40.354,0.0,0.0,0.0,0.343,252.255,14.782326872348285,85.19643394857675,0.021210338631147126,/home/wangshaoyan/proJect/C-GpuStreamGraph-CG/logs/performance_matrix_20260912/runs/performance.eu.1000k.current.c2.h0.w20.r1.attempt0.log
usa,10,0,15355.829,11614.394,3622.02,100.117,19.076,0.0,0.0,0.0,0.222,119.19300000000001,75.63508293821192,23.587264484385702,0.7762068723219047,/home/wangshaoyan/proJect/C-GpuStreamGraph-CG/logs/performance_matrix_20260912/runs/performance.usa.10k.current.c2.h2.w20.r0.attempt0.log
usa,100,1,79980.595,47589.858,32271.174,100.134,19.128,0.0,0.0,0.0,0.301,119.262,59.50175539454288,40.3487545947864,0.14911366938443008,/home/wangshaoyan/proJect/C-GpuStreamGraph-CG/logs/performance_matrix_20260912/runs/performance.usa.100k.current.c2.h2.w20.r1.attempt0.log
usa,1000,2,411025.427,91793.972,319112.13300000003,99.848,19.147,0.0,0.0,0.0,0.327,118.995,22.332918104358537,77.63805157484819,0.028950763671367705,/home/wangshaoyan/proJect/C-GpuStreamGraph-CG/logs/performance_matrix_20260912/runs/performance.usa.1000k.current.c2.h2.w20.r2.attempt0.log
fs_scaling,100,2,648.267,225.703,117.60900000000001,62.391000000000005,21.528,17.397,130.313,73.311,0.015,304.94,34.816364244979304,18.142061835632543,47.03926005796994,/home/wangshaoyan/proJect/C-GpuStreamGraph-CG/logs/performance_matrix_20260912/runs/performance.fs_scaling.100k.current.c2.h0.w20.r2.attempt0.log
fs_scaling,1000,1,2676.864,1408.6570000000002,935.5899999999999,64.098,22.929000000000002,17.41,125.642,102.524,0.014,332.603,52.62340559699709,34.950972481231766,12.42509892172333,/home/wangshaoyan/proJect/C-GpuStreamGraph-CG/logs/performance_matrix_20260912/runs/performance.fs_scaling.1000k.current.c2.h0.w20.r1.attempt0.log
fs_scaling,10000,1,18920.153,11568.206,6994.929,62.498999999999995,31.982,16.995,125.564,119.967,0.011,357.007,61.14224340574837,36.9707845385817,1.8869139166052198,/home/wangshaoyan/proJect/C-GpuStreamGraph-CG/logs/performance_matrix_20260912/runs/performance.fs_scaling.10000k.current.c2.h0.w20.r1.attempt0.log
tw_scaling,100,2,610.39,378.345,175.798,47.091,9.148,0.0,0.0,0.0,0.008,56.239000000000004,61.98414128671833,28.80093055259752,9.213617523222858,/home/wangshaoyan/proJect/C-GpuStreamGraph-CG/logs/performance_matrix_20260912/runs/performance.tw_scaling.100k.current.c2.h0.w20.r2.attempt0.log
tw_scaling,1000,2,5080.397,3866.503,1157.645,47.071,9.17,0.0,0.0,0.0,0.008,56.241,76.10631610088738,22.78650664505156,1.1070197860521531,/home/wangshaoyan/proJect/C-GpuStreamGraph-CG/logs/performance_matrix_20260912/runs/performance.tw_scaling.1000k.current.c2.h0.w20.r2.attempt0.log
tw_scaling,10000,0,23990.684,16741.621,7192.682,47.161,9.212,0.0,0.0,0.0,0.008,56.373000000000005,69.78384192797503,29.981146014844757,0.23497871090294883,/home/wangshaoyan/proJect/C-GpuStreamGraph-CG/logs/performance_matrix_20260912/runs/performance.tw_scaling.10000k.current.c2.h0.w20.r0.attempt0.log
