path,status,lines,added_diff_lines,deleted_diff_lines,sha256
include/framework/Loader.h,modified,145,13,12,f1c6af86bde64b24f716d5319fcfe2f6e3d49ae7ad0b6c2d4d4b967b21a200c9
include/framework/affected_component_trace.h,added,128,128,0,f1cb9b417c6dad857bc5412e28807effee30005a293b9dd2964d3ac6b7f24fb8
include/framework/algo_variants.cuh,modified,2776,86,100,8c431e764a4da056df8841d76643d9a9ec3a35f8f0ee8265b69ca7b051101016
include/framework/cache_patch_trace.h,added,64,64,0,2184459cdff55de1b997fc38528e7524257ed30fbc164d13cd5cec9abf941038
include/framework/cache_refresh_gate.h,added,35,35,0,10e49fac2b3acbeacddcd5e35b068681041bdac2f6cf69d43fcc1ce0df0f83c4
include/framework/destination_local_dependency_store.h,added,565,565,0,9165bbca681b81ccebbb24aad3905a90c6766871e015a8122f91dbebce6c8c3c
include/framework/dual_domain_event_runtime.h,added,268,268,0,c8a3f6dc7d40c01d19e2359bcbfccf83a51bf4eefdf593b04a67558a872933b8
include/framework/dynamic_reverse_index.h,added,366,366,0,9831e16b1477676bd4abe735cd1c5559b00e8242bdaac1457b31424097574d5e
include/framework/effective_delta_sort.h,added,78,78,0,b2fe51e1fcbdb3168d7e96880a5277366974f740d7537d90a6af79bed43bfe6b
include/framework/effective_update_batch.h,added,263,263,0,e297ab1252108557bbcc8a2488fc3a64a1467612a8a997a52d3435c034bc2f69
include/framework/exact_source_frontier.h,added,87,87,0,de6dc168ade3b290131fbaaa299b0f355b6013e2469167a70f5a8baaa2417bdb
include/framework/f1_replay_state.h,added,89,89,0,40ea4b235bca345740d345a45ea2cebc19e4ddaed8e1cef53edc13d26c93c735
include/framework/framework.cuh,modified,5849,4135,474,618a051c93f5e9627273db20b962c9c5ea57dcd5a1336f852dee23d9c05561b7
include/framework/graph_datum.cuh,modified,410,62,13,89868cade1326a55eef4845821819c6f4a0c30ba4823e856b9c8381abda66f9e
include/framework/hotness_candidate_trace.h,added,108,108,0,f85541139309887b92ea599f40f53ad77f89309f18b8fe3cd6fc27e4b0255023
include/framework/i16_repair_snapshot.h,added,53,53,0,23e14d2e980238cd78de3f85b2ac8891eea5daf9f8030f0be8ce2499c9a00256
include/framework/ordered_gpu_repair.cuh,added,157,157,0,b473024a703bb4850b646c82722a57fd62a49b6283d1e1bfb043c269c1a998ac
include/framework/owner_cost_planner.h,added,103,103,0,3d5740fbedcef060dc5c28c217f01a39dbfb5eee4e872d712489cebf9ef6ec17
include/framework/persistent_dependency_graph.h,added,204,204,0,716f81545bb4111cd4f78247afe2364ec65022118027d0cd1c7f6aef8b0cc273
include/framework/publication_sources.h,added,24,24,0,23f3303f4bd8bc7fdcf3f5d3edac1ba73585a2f0283bf44580ab7cb6359590a0
include/framework/topology_replay.h,added,195,195,0,186ee3ab13e736960c6158d336a7952839c465b350b538d5910e55c76f9e1f9c
include/framework/variants/api.cuh,modified,158,6,12,a1063b541a1d09d8caa72030ef0701e8f298c5d86d46d6b31686b1c5ccf6b2f9
include/framework/variants/driver.cuh,modified,2163,195,163,0427e1868e4ae4c425c75f0a95927a1c651cdeb59c69452b5cd532e7692d62e2
include/framework/variants/push_functor.h,modified,1315,236,36,2941501868c4470eaa29ddcbda0167bff497cc002d248e899d0c27838144541c
include/framework/variants/sync_push_dd.cuh,modified,1579,128,112,24e22d2fc3aa9ee590d02064cd142ebdc70f23a109f1053ac561b28b26046b1a
include/framework/weighted_score_index.h,added,178,178,0,43481dc7ffff7bbd6228c710add073b28af40acb830da48f0f67cdd140162541
include/groute/device/array_bitmap.h,modified,321,1,0,b9c0998d511334ea35bc2e1bb047b2a09c6032db9a50d1f550890b15b5f4375d
include/groute/device/compressed_bitmap.cuh,modified,259,1,0,7b550533c42b710601923184c2bde2ad726f3a6fc463c4741b718fe5960f9cf5
include/groute/device/queue.cuh,modified,349,2,0,29462bc776f2ac69d823d246cab16208c920506b9dc33d46fb5f77ad1942fe58
include/groute/device/worklist_stack.cuh,modified,250,4,0,57b4241473c099488cd0183e3aeab6584fb0154c4f03c1352bec662a18afdaff
include/groute/graphs/csr_graph.cuh,modified,3582,400,16,2fab7ad5f1f463d6933b1528767597f3bd128e15309bc3756522f6f94df5779d
include/groute/graphs/source_local_chunk_store.h,added,905,905,0,fab0d3a6bf4d1e7f63f433a6e27af20aca45b26a5d061b3dfca968c29c703d4b
include/groute/graphs/topology_contract.cuh,added,128,128,0,53b71edb7b887211916beaa7e416cdd213834d4c89f889a1932e1410d57a0406
include/groute/internal/cuda_utils.h,modified,78,1,0,58608eb64d00fd53e2827bd777ef34bfb311d0b25477a8bb76d3a667d9ec26ec
include/utils/app_skeleton.h,modified,172,2,0,6b18f77678c2e5519ab827bdd6d6b4b4effbbd90db9b9341e9e0e25054520a24
include/utils/communication_meter.h,added,65,65,0,cffcb215a57959af14b0c35c0be64b3c6c77ad5f4caf06878140b358f6a18ff9
include/utils/communication_window.h,added,35,35,0,d4daa18c0776a79e0db2f3d70929457f7a08a93e16834f8c4028e4214ce8060b
include/utils/fixed_worker_pool.h,added,126,126,0,9685d8eb825ba325f216edc8c0a487c4fde8a50b16aa9074c3264ea1aa719bdc
include/utils/i19_edge_reader.h,added,50,50,0,c98dfc83e055c7328675667e59e566e5b90a2eabd093ca177e6f21d3ccacf783
src/affected_component_analyzer.cpp,added,673,673,0,07aad8432f82efe4f36f9c26d2a628d4a4a171b82f50fe13ee6868fa5825438c
src/cache_patch_replay.cpp,added,124,124,0,859e11a1fbca7b727d2b05effd98a096b3558f463759d6f5b1e83bd0f44a3ca4
src/chunk_store_replay.cpp,added,313,313,0,405e3302c09a9d50a53a7876702254b62d97ebb133df3123d3257c41a073f1a2
src/connected_road_generator.cpp,added,371,371,0,b44d967ca7cc1152206eff2fde8e87adf651f0a0ea8d21825d600f3abaf5ebad
src/f1_crossover_replay.cu,added,183,183,0,20b7e0ef2ac5f2571276336feb0d66d3f7f23a7588e93d86b2357e1b5c0eda3e
src/hotness_candidate_replay.cpp,added,93,93,0,55883ee4cab5c21153e2898e25775266b9fd915212c799ae43574420d7be37b0
src/i16_frontier_replay.cu,added,157,157,0,6a82b38f976809bd94de742f7cc5109e6349a56d65cdeb9d1bcdd3d6d64e5f63
src/i16_repair_oracle.cpp,added,106,106,0,97cd79be818940b3db1a7c354337c0afc1f0d6875a86fb824370bc73f003c91d
src/i17a_delta_replay.cu,added,302,302,0,d0e15f8bf58c8e05808abbb76d0374db4f4411e74c55ccf657159a1555c109fb
src/i19_ratio_pool.cpp,added,184,184,0,af6fe8fd53daddb2036ff66a8d205f1b12ca196fecfcc43556d740b571c6767e
src/i19_topology_replay.cpp,added,303,303,0,643314c62d17d93e07ca7ffec329a976e7d17dd126b4b19f70f2eed2d8be97ac
src/i23_group_replay.cpp,added,54,54,0,f049bd3257a673f9c803236be654aaa9529569946ba514d05dbb6e2ae92c9603
src/road_source_scan.cpp,added,85,85,0,41d719f0018ef6b3410a9387ac18906720f142317d8cb97617d58cc9a04893d6
src/topology_replay.cpp,added,207,207,0,1d727aad34ef35f0c4c126c33ac576ebcdaa49b1e56f784e192163faf62ad9e9
src/utils/communication_meter.cpp,added,29,29,0,00aebab68c09f896c4e32e7a209d96ad22b63a228e99a06ec539ad07ce4a6d16
src/verify_connected_road_dataset.cpp,added,149,149,0,2c03462c8f7d5ca67ec161c7416ea4e919670d9bde01c8a66a72fc43a33d55a7
samples/hybrid_bfs/hybrid_bfs.cu,modified,202,11,17,738e7e07e8ab680d2521c084f9d9d5944fa4114b1a1f34bf8d3e6beed1e18c2d
samples/hybrid_cc/hybrid_cc.cu,modified,197,5,16,bb756362ad32bad405c204aea3af6727ed2f80ed52afdebe9108ad2d557d1332
samples/hybrid_pr/hybrid_pr.cu,modified,206,5,0,3c7da396f632e472d0f9253b831962ddbcd1af29be1f16756e2eb53cac6f4e30
samples/hybrid_sssp/hybrid_sssp.cu,modified,674,419,42,5da0ff068e7ad89240b92296fa76b4c8aee3439a0b87cd5dc4a7fde364572daf
tests/affected_component_trace_test.cpp,added,30,30,0,f808cc6785b2082e60d0cbeaab0164d6c94a6da603d69e0bceb24a16e5008871
tests/cache_patch_trace_test.cpp,added,40,40,0,882a5e4e0802021c724ee4d538f2bcc0c9850f19b3d451136b57cbeb5cc7dbb5
tests/cache_refresh_gate_test.cpp,added,12,12,0,51d43efd76132e46bd0dc9f0c7bc82906a118a1bfcf25eaba6d9f964bc17053a
tests/cache_tail_fallback_test.cu,added,64,64,0,220741a7b9afaac5763236ca497b2c328158a98c8d0158c58a1b58038588c2ae
tests/check_owner_planner_decision.py,added,5,5,0,ac7f1f99ca97dd1070c6002fae7b349a8ea09a1350d6f8457437ded5dac6d6c6
tests/communication_meter_test.cpp,added,33,33,0,d49e1772d2251d6bc1e76b101ed9973d700ce3c5d65e12c4cb64ae2bdc8b5a51
tests/communication_probe.cu,added,49,49,0,3b264b8a1157aaed6e3342c0eac2c545868726e7d6b63a4d26398c47bd55dc95
tests/communication_sampling_test.py,added,32,32,0,dc8e7cee84f227b153c60f5d3c143057f295aeb99a856c8ad6a14dbc81ea2ed7
tests/connected_road_generator_test.py,added,106,106,0,a79b5166294401277f32ef3eebfab40811e093f4b923a9e5e70227d94f72b357
tests/dependency_warp_mapping_test.cu,added,110,110,0,5c9e6544c0b3c0e2d6ed344a9a269df87a8f5a0ad9ea4c4b3fac3703ad45d5e6
tests/destination_local_dependency_store_test.cpp,added,228,228,0,839ce9b3892b4c9f224972c2bb11cb27f60531ea84380d8d39915bc3a519bb2a
tests/dual_domain_event_runtime_test.cpp,added,153,153,0,cbd4647da5d115e11f03f4e3a0b72b92ecd3d305f45e3029212de3fc57f7606f
tests/dynamic_reverse_index_test.cpp,added,313,313,0,40ba96b71911be485385c156bbad2bf3a711b82a4627657a33e42f02afca5c6f
tests/exact_source_executor_test.cu,added,193,193,0,4a79596fa66bb4fa4fb936466a66bd8d5646939b8cfc6cba48474898a8e5970c
tests/exact_source_frontier_test.cpp,added,45,45,0,c4a15e995d9f4e1fdb11b16a6119b32181bdc6b4c8ba2db12b10dee36722df24
tests/f1_replay_state_test.cpp,added,31,31,0,204201969e9e101fa335b60e318326791595b83fc763ac638e3258d2deec2169
tests/final_state_repair_model_test.cpp,added,272,272,0,d6569c641cc848714247451cce127ae728350830e3678826bb8d16ca2cf7563f
tests/fixtures/owner_planner_calibration.tsv,added,5,5,0,56db80601f5275a6eb0869bc735d9c4d99ef0ced2e30949a34e0c393ef75f576
tests/fixtures/owner_planner_topology.tsv,added,6,6,0,84195b92c4fb294c46a11b7b7daeb8c9549b082208d82051088ab7500a7042b7
tests/fixtures/owner_planner_work.tsv,added,2,2,0,2f00ee3ac25dd8f884bac5de40b1363054e03f3d4fff3064a71e083a36479468
tests/fixtures/topology_replay_batch_sizes.txt,added,2,2,0,8e0c15ffd4f66ecd00ae2b1f06fc72dc6868fc7437cde860dcb6471289b1ec27
tests/fixtures/topology_replay_graph.txt,added,5,5,0,2511e344d4888bfd45a51e8ae7ef55874056da5207c11d900a6406cfadbe9c24
tests/fixtures/topology_replay_updates.txt,added,6,6,0,a41e207f738d17643ba814beb829c8956fe3bb1bd41529fe42bbe30e9a2dc294
tests/grouped_update_batch_test.cpp,added,97,97,0,e240643292f60783ba6a9568a3fc7067ad7c947f9267cab8050a4208ee79a26b
tests/hotness_event_model_test.cpp,added,191,191,0,1954f08fcdd3647a08efbae4c6f7c319a70cdb2a018a50a892de6ff2e590b8f5
tests/hotness_pairing_test.cu,added,65,65,0,3c683e0d78d9faf0fef133ba01b5f77158562d6de6fe7be8ade3f18091f05d50
tests/hotness_trace_test.cpp,added,45,45,0,1914aeac7a88e5569ddffb91fac11016915dfbe0fb1ef100311652e30f384187
tests/i16_capture_smoke.py,added,43,43,0,a5b8220d135b61ddf2985d628ffc3988577cfb8958e0eaf3e8475d60816e8118
tests/i16_frontier_test.py,added,35,35,0,a92330fd5e0c1c16af5b1645699754269b1eda056ec9f1715634c36208603ce7
tests/i16_motivation_test.py,added,82,82,0,4681cc47b4e252c67678d31f2b0297055514dac886f36846758e56b2fafcf6c0
tests/i16_paired_test.py,added,43,43,0,a93861bf55c2837229485672cf8c7dcd12582e179de4b08285c85ce85b87fcad
tests/i16_repair_oracle_test.py,added,85,85,0,e6885314f24a42d2ed727a3e3a6df5ae5a017584a971527ec034fe9f666eac25
tests/i16_road_validation_test.py,added,100,100,0,6cd6ff014b1bcde727586c077ccd488a3788592fda2a3983b3e26936bc8de7cb
tests/i17_scaling_generator_test.py,added,28,28,0,99d51541424b4fd613746617ffc2ff6e7db9de2ddb4e4fe1afc0ce17ef883867
tests/i17a_sparse_test.py,added,88,88,0,59cc4b68ad39945d5b09e0e52cd3dcfdfefb4e327198d3edfe959932aee03c8d
tests/i17b5_pull_smoke.py,added,48,48,0,031dcf0317dca673e1f4602fc921056df363cb042c22273d6e33756905b0a218
tests/i19_gpu_smoke.py,added,53,53,0,6ab0daad3a6e8e9ba8d206f8d8bbc953c96e79fde75614ef4abb6269792aa29a
tests/i19_loader_test.cpp,added,18,18,0,c80baf51445ed791c92023ca04f28ed8c36b5754774c7340d5a8f63dcb4b60e1
tests/i19_ratios_test.py,added,74,74,0,2b13feff5ec19233df8cc61327c25fdd896548a1fa8f7761ecf3e5f3fd3922a4
tests/i19_work_metrics_test.cpp,added,51,51,0,f67ffc08401334e0dbd39b52fa08404cefed038fe792dd78ecd6f8fb3fbc4b8b
tests/i22_ordered_insertion_test.py,added,89,89,0,b483066168accfcf01ade872eaf8a8fe6bb54c73971eb21c8bb5201f3c6e1817
tests/i23_bulk_group_test.py,added,90,90,0,f42c9a3ad809f238ecbf534fd5b3494c047afba182bf20128003725f6c4778cc
tests/owner_cost_planner_test.cpp,added,27,27,0,c30b8d7eac0ddfb86e15ee5324a98406736d33d174f5bd46e8e1f6c8069a19e2
tests/owner_planner_calibration.cu,added,57,57,0,2668f5372924dd8c3a8b196da748ba431f467903c7b40d76c399519a36ae3706
tests/persistent_dependency_graph_test.cpp,added,85,85,0,61dc9ec85aec25c11c39057931c7e995b63010416af910426e91c07210a5e241
tests/publication_sources_test.cpp,added,21,21,0,e2971d5bce1093764560b16595020235f9c661f36f8e666c13150dff14647e4b
tests/road_source_scan_test.py,added,27,27,0,3b1ee2a7f3048e5f8b0cc4637d501a65589daf0f51925aa6d1b9448c30264acd
tests/source_local_chunk_store_test.cpp,added,466,466,0,773e140a69ead7b6e983139c12f2de4eb82920f1b942b965d532310d45cc204d
tests/stage_pre_i17c_test.py,added,97,97,0,f13f523b5c2b5f1a8087d7e829af6a4f8ceaaa3984b6e90e8a65345f9b55ac69
tests/topology_contract_test.cpp,added,124,124,0,8be304ece04c516b138e39461b37e22ccd8baee20df133d5a66432572fcd071e
tests/weighted_score_index_test.cpp,added,71,71,0,633ac63bb72b4385769766d26d046b9d17f1a6fb5817bf98b840c6b8dc7859c3
scripts/analyze_current_substages.py,added,99,99,0,044e67a426a5b23aed1d69fc7507e4fe24b1ba5249942415dde7ad4fb1669364
scripts/analyze_e0b_trace.py,added,223,223,0,225a5a907786433c9b6aa73ffe2f375fd8a6cb29ff2c98c41785a1e29a9af425
scripts/analyze_e4a2_capacity.cpp,added,127,127,0,7d855a429174a93051d32bb51aa7e9df4aeb26418d15e40845bbb700b278a477
scripts/analyze_f0l_trace.py,added,148,148,0,cc76d3b68e667ec0fa1a2aed66fd371872471dc9a80ce468ef6dec6d1b140e9c
scripts/analyze_i11_final_state_upper_bound.py,added,67,67,0,bbf40290a0d0967ff19b99d152d3a66a925bf73510b29f72a8b95772eb3303dd
scripts/analyze_i17_communication.py,added,28,28,0,a138484522583771cbddef062c8243bcac26d773030ec9efe8480b0ceb69c772
scripts/analyze_i17_target_pair.py,added,29,29,0,d49a54d15b599652ee1f6d1b73737b253f14806b51307c279e3395842173da8f
scripts/analyze_i17b5_existing.py,added,45,45,0,e34cccf62369601e6feec3cf09bac93cba6cd2494fa914201d51d1711cbe50f8
scripts/analyze_i19.py,added,133,133,0,b58b10477ed665e85263200cae97fb9f4b7b8201c9d0b77e371afacc87bb4faa
scripts/analyze_i8_mutation_ablation.py,added,67,67,0,cda09cafc0bb08d6b6e2e8d7049eabf3605791ecab96c2256dee6874544705cf
scripts/analyze_i9_critical_path.py,added,100,100,0,c70270ca0c704539162cf2c85feef1fbc7ee406911dd3e1fc4b5ae6f2899d814
scripts/analyze_performance_matrix_20260912.py,added,118,118,0,ad1be8f257f98d9c52bd7dfdb1b3e4d1f23aa755ebf4eb7fa6cd289f9f2aed02
scripts/audit_i4_hotness_semantics.py,added,22,22,0,a1d63bbd813afe87f75dd3c2f5462bf6645ccfbc82eae990239a4f9c224fe31c
scripts/communication/README.md,added,100,100,0,7630b1e36a2b95ea3ee1cc855127f5f272cfedf71b29cc9445972a63a58d3ef4
scripts/communication/compare.py,added,62,62,0,9fdad21385459a9a98d57f09f074973301b24f95480bc50ee5ea78ef9aa19e7d
scripts/communication/prepare_baseline.py,added,70,70,0,17e01dbe95fdf8023d2228035b69f4a9655c697b06c6d20d32d24c122c90b508
scripts/communication/run_100k_background.py,added,268,268,0,3068af126aed3c5ea68e5bc29dfa9c9e6117262915c95c84435361e27c734a83
scripts/communication/sample_pcie.py,added,146,146,0,463dbb84ca509fa0d07e170fc41e663728ba5ef5d9e17f2df85959b85a0d6168
scripts/communication/smoke_pair.py,added,82,82,0,dbfc5be9499960be97148f4ef90d58f6ec957208f3c1e05f13b23ca218ee5b27
scripts/diagnose_i0_failures.py,added,65,65,0,3f821b84d8e99736c4756a052aadc56f456ad5f27303816d6ff13dbc4cb8f9c8
scripts/evaluate_e4r3_shadow.py,added,61,61,0,3e0e42bad73e07dc32107dcc28c9b9aed8350c0d52a1238a05d7c740e0eb108a
scripts/generate_connected_road_datasets.py,added,129,129,0,13493690155cedf72ab9bcc6c97ab8feeb3bd7317494c9a052e39ff272e9c093
scripts/generate_uk2007_datasets.py,added,78,78,0,a84bb6a095f31989c8dab7527d8381471525637f6c12b9145999d84370cbd796
scripts/pause_trim_stage_pre_i17c.py,added,24,24,0,c0d857fbcf94c61eac61de932c7eb22b211d6a98b6d0a8dfe6717b9ca186994a
scripts/prepare_i17_scaling.py,added,78,78,0,45519498810674d75f664a4721014712a128567d1acab23ed95d3f2eed921c67
scripts/prepare_i19_ratios.py,added,158,158,0,a457466439bc3717d2fc24694bfa265a2bedf0cf9b0c849612edd0a5397858bf
scripts/prepare_performance_matrix_20260912.py,added,87,87,0,e13a5f7af3aafe44fe7c6d02f7bccbaeabade540e554e8d0863777aef81726bd
scripts/prepare_stage_twitter.py,added,93,93,0,abaa5d4321de530a80c583cc6345d2c096d37aed7fa034b25c1efb03012a794b
scripts/profile_current_runtime.py,added,149,149,0,e235af93a9a158aa645fb5544014e67a49c3141e56d8390d33f42cbcb6675514
scripts/resume_stage_pre_i17c_short.py,added,38,38,0,2573d4d673eb13a836d056b7ff9414b926b957ccff90de67d4f5b7652260c2b3
scripts/run_c4_current_vs_original.sh,added,457,457,0,621f6d5dd1932cb50ce198c962de7ac1d7ccbcf534e2b41de61d9030b7f10f4b
scripts/run_current_vs_cgpustreamgraph_fs_tw.sh,added,279,279,0,bdfc29cfd7130ce52c77c986af5e5aafa289caa43ee1e48605795087ec7de1e3
scripts/run_f0l_critical_path.sh,added,70,70,0,f9f3110d1a1da8dde638925812f25023a35ed7d647b7898a3bef4be56e7bf3ce
scripts/run_final_system_sweep.py,added,15,15,0,03393381d35a1b8e451bcfbad14407b10bacfa07a4eaf7fcb80abdb514de557b
scripts/run_i10_topology_contract.sh,added,22,22,0,82cd0c20c7431d2ae67a32318ac24e81083f355a76cadeb4bf780303f295f846
scripts/run_i13_smoke.sh,added,38,38,0,920e8ddcc23c13505e5c1c5fccbe48fe4f70ebb4741a1774634c98a31ccb3f7d
scripts/run_i14_validation.py,added,87,87,0,8ccc3f2a8ccf4974c81bacd89a3a039809db97811f99577d6dd0fb97e93d0a89
scripts/run_i15_candidate_replay.py,added,117,117,0,3c92338da32cd9ea92753693076ab0a2e052a52931c5486b343f400241e152c5
scripts/run_i15_hotness_audit.py,added,78,78,0,141b5667a10e8fa6befd5c02dbd7903d1f31b54246b9c4b282106b8843415446
scripts/run_i15_pairing_validation.sh,added,7,7,0,5a6b75ccd9b4a887635b4cfa714651caaf58388eb7d432949773e6d4091cd6e4
scripts/run_i16_frontier_replay.py,added,109,109,0,284004f75c06d440423f3359bf32e491ac1025029dd84dee19a97b192f9ab100
scripts/run_i16_motivation.py,added,143,143,0,efd59192497584b4d7ad231fe58f432b039cc01684946287346a16dc672bd6b8
scripts/run_i16_paired.py,added,230,230,0,448dd1a2573674ae601b931030c4f31f8a0a1f95d0a82b7b42054c9a713c7fcd
scripts/run_i16_road_validation.py,added,416,416,0,3dad9de9c1458138dea531b1ab4d257e2cb9fa78581dd7c9c24c295a65db01d0
scripts/run_i17_eu_background.py,added,127,127,0,7076d1c76affd1339b6cd8723428dd1bf2ce052775c428483327a27af3bf3cb0
scripts/run_i17_scaling.py,added,83,83,0,c5c92fbb5d49e17065473fbbd2808d00efae91b93e1f6ed9e1f930a38016bbaa
scripts/run_i17_scaling_supplement.py,added,35,35,0,11dee0bbe146f6f5486f74db2f15c327cbc417f20419d674f67b329d02aac4c1
scripts/run_i17_social_probe.py,added,178,178,0,fe7e59e0e7845b0905e66662b832cb0bac66be1a2aa6ea1759a6be41db05b8b3
scripts/run_i17_target_check.py,added,65,65,0,b6489513426f860d528f8d6e157a4b62b4e76521c3bb2f254c5c019cea247d4d
scripts/run_i17a_delta.py,added,46,46,0,077147e1182f70271989633a648fa2ac4b1f6bddf42f4ca8df2f08c738bf92a4
scripts/run_i17a_sparse.py,added,206,206,0,ccfb99831a144f1a6707b79adb1241a6af4bb29d0d32489b9f147f7a5cab5920
scripts/run_i17b5_screen.py,added,55,55,0,e4a69b654d95b8aff66ff1a171c77f497022c4c4f543a7a9a54144cad5127e13
scripts/run_i17b_reverse_probe.py,added,88,88,0,960bd361edadbddabccfe7d5b1aab525f730492d847bc6f6f7ee31ef5cf6be0d
scripts/run_i19.py,added,167,167,0,ad6998fbb5a47e44e2f776c0df303b00071aa2e4c7b2743ae57fd318cae1a77a
scripts/run_i19_cpu.py,added,55,55,0,b02d5dd8255b9755aba50316245c1184bec9c21260e886ad7d5267364ce823a2
scripts/run_i20_screen.py,added,280,280,0,849348aa938b0b4977152555c80a3f6c0ef2deee20c95ca6c7c9e7bd4ed2e0e8
scripts/run_i21_publication.py,added,142,142,0,62ed46328d38cc0136db5f187198be8dda14037874b677a8309c3aeb1339390f
scripts/run_i21_radix_queue.py,added,42,42,0,8b74ddc356befb36f240bd7ae203f6569722e627c1d96ec72a62ddf5ea1c9ee1
scripts/run_i22_ordered_short.py,added,90,90,0,3beeb4a19a054326015909a18918bfd21ef6f353987a3267aca731b8dbe42d29
scripts/run_i22_scope.py,added,150,150,0,9ff1dc0e3f9fcc46ffc06aa590795acb357fbdc3276bf4c96779f0402d3c0701
scripts/run_i22_short.py,added,86,86,0,22749add6f431002d5115ece082a96d831aaee985d462b194dbc194d3e29aacf
scripts/run_i6_overlap_observation.sh,added,96,96,0,d087d898ead6a63e0096ea6d8ef13b95bf83b7050ddaffa3dff668a891310845
scripts/run_i7_mutation_ablation.sh,added,35,35,0,7a27b3e5384078196aba5e98c7193345b70d5a35a45407b16f7a16a5dbc15edd
scripts/run_i8_mutation_repeats.sh,added,90,90,0,175353ef010e74b45aaa59aa5deb257a840bbcbffeb89f21b49b434103e14ae5
scripts/run_i9_critical_path_audit.sh,added,17,17,0,7a41f5c6d48d8c2c519f75480e4f3690e293321b593d75ccbddb396d1ff742cd
scripts/run_iter_b2_gpu_delete.sh,added,112,112,0,3d2ace60917d09f5d09b7322e94f3d1d0c99e356f5016aaf9e099585e7804460
scripts/run_performance_matrix_20260912.py,added,116,116,0,ba8e050fdff4770ef98e34dee07a8ad4fe48fbda79587679080c8edb20235c8e
scripts/run_stage_pre_i17c.py,added,537,537,0,e78b01a43f5466252fbeaba85c81674e34bc4856d147d1a3e6b6e1eeb6816953
scripts/start_stage_pre_i17c.py,added,40,40,0,f519f2a407d62a3383d1d9c555d0b136e480da3a9d81a8f6010708402e69b72d
scripts/temp_scripts/analyze_i17b5_continue.py,added,30,30,0,41a73586f35db067e44507dea356ca8ff8927f9c5ba20ca1907f810a9e5cd912
scripts/temp_scripts/e1a_edge_counter.cpp,added,57,57,0,64ec894df6c7e577f541596eda9bfb69633131b536ee161ebdd4f1b35ccbbfbd
scripts/temp_scripts/e1b_balanced_partition.cpp,added,134,134,0,da1b8c7c9a9a2a39c88f1aea4c75d3b9732bd5ebe840c88101eb0189b1871f24
scripts/temp_scripts/e1b_metis_bipartition.cpp,added,97,97,0,ea820e58618eaf38ee32f3a658ac4fab24eaac321c830ec03a3a3e3b7666f5b7
scripts/temp_scripts/e1b_rcm_partitioner.cpp,added,116,116,0,3367752d3c849f18fa958ef89e2ef3c89f5307bf3fcafd632291dc41dbbf8a03
scripts/temp_scripts/make_e2_test_domain_map.cpp,added,22,22,0,ded7948b53957b6929135cb59ba42550c7b49e53f69f8aced47278fdea60a41f
scripts/temp_scripts/prepare_europe_symmetric_100k.py,added,54,54,0,2179cd40f634b58108a898ec8731860cef47d4c1cc2a84b7de0df787a4aa5660
scripts/temp_scripts/run_e1a_topology_quota.sh,added,31,31,0,64aadc7e7755d47bb5d25cb56a03d7108974941715febed5e9b862da2c242ffe
scripts/temp_scripts/run_e1b_balanced_wiki.sh,added,19,19,0,24da9465bfc0c336235da166da5a1fa8c0225e8a656981c62b9b00e15c158d30
scripts/temp_scripts/run_e1b_bipartition_wiki.sh,added,19,19,0,a1e5d8a0060c8cdbeb48760a34a604168410bf334b26b74d61ad0622277c0c7a
scripts/temp_scripts/run_e1b_metis_cross_graph.sh,added,43,43,0,bc08eb32eeb7d4ccd8095aebd026db518dfaecaf96f1af328665d31f81244b79
scripts/temp_scripts/run_e1b_metis_wiki.sh,added,28,28,0,63d3c080486aa113e16ada2fbc1e0583ec5fc1590d257d6e1e10da394a3548f1
scripts/temp_scripts/run_e1b_rcm_wiki.sh,added,19,19,0,b4cc68888c590632f9a79389335eb941c4a9666c6a2fa4a2a374f48ff7f51b83
scripts/temp_scripts/run_e2_domain_smoke.sh,added,57,57,0,1c9f81cd0178bc1ba000bd54ed933aa66d8cb167ba467a67f679794b53c1df4b
scripts/temp_scripts/run_e2_fs_tw_correctness.sh,added,78,78,0,c900fbc5bebff77874d57117db1fb843c93bf294fd9533c68735a6fc98bda317
scripts/temp_scripts/run_e2_wiki_correctness.sh,added,49,49,0,92c2f47240edc04ceddba8c0afa71d0ba7f3cf07a3d0ae42d90b16efadc7a401
scripts/temp_scripts/run_e3a_fs_tw_correctness.sh,added,113,113,0,9303928a85105f18f5cfb5fe5b261057fe3d6cac3533f4b4d7a92a0f19c2e3da
scripts/temp_scripts/run_e3b_async_cross_graph.sh,added,55,55,0,099d5743ca96a38509c454bdf2f6a50159fc6b9d0fb5fe1a4bb660054ce80e8b
scripts/temp_scripts/run_e4a2_cross_graph.sh,added,38,38,0,8abc07ade060b969bfbaa943980f60e9173c3f90fc38500f13a6e83be998acb0
scripts/temp_scripts/run_e4r1_exact_source_gate.sh,added,111,111,0,6110c4a56c1cb43320b79fa5d5483fe02ed3f3466a1ca03b908b8160f7453b95
scripts/temp_scripts/run_europe_natural_init.sh,added,20,20,0,7863c552fdb31c26b4010bdd8d40a8962aa6f68b913a7709a9ab07111d33d9e2
scripts/temp_scripts/run_f1c2_trace_v2.sh,added,85,85,0,df45062188f23242469434757f112adaa185614befdef6177494569ecaf277e6
scripts/temp_scripts/run_i0_failure_prefixes.sh,added,55,55,0,02f371889823883e47a6e1c5bfb0c92ebee9a485a9e66fb6b2e28d092f233a06
scripts/temp_scripts/run_i17b5_continue.py,added,86,86,0,ff91f23cf2ba7bafebb1220e6b89e70939b4559d22ba207ca2a8212c4b2db0bc
scripts/temp_scripts/run_i2_six_graph_correctness.sh,added,86,86,0,dc842915717579decd067fd4f9c1efcff026013df9b46a8a6be05dac3dc8724d
scripts/temp_scripts/run_i3_current_baseline.sh,added,39,39,0,8a592c17438f8b57a2828de9d87a0db07a77fa0e6f211fc7fa73ef8b980494d9
scripts/temp_scripts/run_large_six_dataset_comparison.sh,added,180,180,0,52d1593fbe9d501210a2c3212bf98033f3424bdcc999051ee1390fde16836daf
scripts/temp_scripts/run_p0_cache_closeout.sh,added,44,44,0,195515e85f80c07a860a55cc953df0343c9f48b0404e18548782e1bc89a2f9d1
scripts/temp_scripts/run_p1_europe_correctness.sh,added,20,20,0,d45ace27046a5f1a66ba4abfaac5791d07649251d39bc25e4649e47beee64916
scripts/temp_scripts/run_p2_lightweight_screening.sh,added,74,74,0,636f286298f21bddb5e9052e7192ae570419c6f0d773400917546207e1e4101e
scripts/temp_scripts/select_europe_cohort_source.cpp,added,118,118,0,15f7387a7168a09eedf5938d7d1fbbdaa47803316fd9c2c1858fa3de44817b77
scripts/test_current_substages.py,added,74,74,0,a8b0ececee3f880e0d4e68ce6603e7bfb32f4cf15471e876ccf55a31840daadb
scripts/topology_cpu_quota.py,added,213,213,0,141fb8f3b763932b7112790e1adfc809f71e3f9620e31926a6f9a3cda04b4960
tools/summarize_coop_logs.py,added,714,714,0,0cb2c0b84c90ab16dc0d124332b47031f96eb149ded2c52805309a0f813ee1cb
CMakeLists.txt,modified,272,198,11,51b7642acf244143e6255e776e8adcd32a5f853992c77b371aa792c60ac6b54d
samples/hybrid_sssp/hybrid_sssp copy.cu,removed,0,0,297,
